{"mean_accuracy_test": 0.9874992447900721, "median_accuracy_test": 0.9874992447900721, "std_accuracy_test": 0.0027263438421684803, "mean_accuracy_train": 0.9971154704076017, "median_accuracy_train": 0.9971154704076017, "std_accuracy_train": 0.0009247994269917215, "mean_f1_micro_train": 0.9971154704076017, "median_f1_micro_train": 0.9971154704076017, "std_f1_micro_train": 0.0009247994269917215, "mean_f1_micro_test": 0.9874992447900721, "median_f1_micro_test": 0.9874992447900721, "std_f1_micro_test": 0.0027263438421684803, "mean_f1_macro_train": 0.986399262045343, "median_f1_macro_train": 0.986399262045343, "std_f1_macro_train": 0.0045358862157726665, "mean_f1_macro_test": 0.956464809186396, "median_f1_macro_test": 0.956464809186396, "std_f1_macro_test": 0.0022429965794723565, "mean_precision_train": 0.9971154704076017, "median_precision_train": 0.9971154704076017, "std_precision_train": 0.0009247994269917215, "mean_precision_test": 0.9971154704076017, "median_precision_test": 0.9971154704076017, "std_precision_test": 0.0009247994269917215, "mean_recall_train": 0.9971154704076017, "median_recall_train": 0.9971154704076017, "std_recall_train": 0.0009247994269917215, "mean_recall_test": 0.9971154704076017, "median_recall_test": 0.9971154704076017, "std_recall_test": 0.0009247994269917215, "mean_balanced_accuracy_train": 0.9824786196981579, "median_balanced_accuracy_train": 0.9824786196981579, "std_balanced_accuracy_train": 0.004235273563727214, "mean_balanced_accuracy_test": 0.9824786196981579, "median_balanced_accuracy_test": 0.9824786196981579, "std_balanced_accuracy_test": 0.004235273563727214, "mean_training_set_size": 13000.5, "mean_test_set_size": 6999.5, "mean_training_time": NaN}
