{"mean_accuracy_test": 0.9939296554186753, "median_accuracy_test": 0.9939296554186753, "std_accuracy_test": NaN, "mean_accuracy_train": 0.9997674350998575, "median_accuracy_train": 0.9997674350998575, "std_accuracy_train": NaN, "mean_f1_micro_train": 0.9997674350998575, "median_f1_micro_train": 0.9997674350998575, "std_f1_micro_train": NaN, "mean_f1_micro_test": 0.9939296554186753, "median_f1_micro_test": 0.9939296554186753, "std_f1_micro_test": NaN, "mean_f1_macro_train": 0.9995631654943148, "median_f1_macro_train": 0.9995631654943148, "std_f1_macro_train": NaN, "mean_f1_macro_test": 0.9883995950460914, "median_f1_macro_test": 0.9883995950460914, "std_f1_macro_test": NaN, "mean_precision_train": 0.9997674350998575, "median_precision_train": 0.9997674350998575, "std_precision_train": NaN, "mean_precision_test": 0.9997674350998575, "median_precision_test": 0.9997674350998575, "std_precision_test": NaN, "mean_recall_train": 0.9997674350998575, "median_recall_train": 0.9997674350998575, "std_recall_train": NaN, "mean_recall_test": 0.9997674350998575, "median_recall_test": 0.9997674350998575, "std_recall_test": NaN, "mean_balanced_accuracy_train": 0.999342137638035, "median_balanced_accuracy_train": 0.999342137638035, "std_balanced_accuracy_train": NaN, "mean_balanced_accuracy_test": 0.999342137638035, "median_balanced_accuracy_test": 0.999342137638035, "std_balanced_accuracy_test": NaN, "mean_training_set_size": 34399.0, "mean_test_set_size": 5601.0, "mean_training_time": -13.971887480000078}
