{"mean_accuracy_test": 0.5802320928371348, "median_accuracy_test": 0.5802320928371348, "std_accuracy_test": 0.016411441900288027, "mean_accuracy_train": 0.6720688275310124, "median_accuracy_train": 0.6720688275310124, "std_accuracy_train": 0.1462881976284294, "mean_f1_micro_train": 0.6720688275310124, "median_f1_micro_train": 0.6720688275310124, "std_f1_micro_train": 0.1462881976284294, "mean_f1_micro_test": 0.5802320928371348, "median_f1_micro_test": 0.5802320928371348, "std_f1_micro_test": 0.016411441900288027, "mean_f1_macro_train": 0.507531048186786, "median_f1_macro_train": 0.507531048186786, "std_f1_macro_train": 0.28120813544773304, "mean_f1_macro_test": 0.2951790145338532, "median_f1_macro_test": 0.2951790145338532, "std_f1_macro_test": 0.07985970240554202, "mean_precision_train": 0.6720688275310124, "median_precision_train": 0.6720688275310124, "std_precision_train": 0.1462881976284294, "mean_precision_test": 0.6720688275310124, "median_precision_test": 0.6720688275310124, "std_precision_test": 0.1462881976284294, "mean_recall_train": 0.6720688275310124, "median_recall_train": 0.6720688275310124, "std_recall_train": 0.1462881976284294, "mean_recall_test": 0.6720688275310124, "median_recall_test": 0.6720688275310124, "std_recall_test": 0.1462881976284294, "mean_balanced_accuracy_train": 0.613095238095238, "median_balanced_accuracy_train": 0.613095238095238, "std_balanced_accuracy_train": 0.14226315002443632, "mean_balanced_accuracy_test": 0.613095238095238, "median_balanced_accuracy_test": 0.613095238095238, "std_balanced_accuracy_test": 0.14226315002443632, "mean_training_set_size": 50.0, "mean_test_set_size": 50.0, "mean_training_time": NaN}
