{"mean_accuracy_test": 0.9907275320970043, "median_accuracy_test": 0.9907275320970043, "std_accuracy_test": NaN, "mean_accuracy_train": 0.9997849231100119, "median_accuracy_train": 0.9997849231100119, "std_accuracy_train": NaN, "mean_f1_micro_train": 0.9997849231100119, "median_f1_micro_train": 0.9997849231100119, "std_f1_micro_train": NaN, "mean_f1_micro_test": 0.9907275320970043, "median_f1_micro_test": 0.9907275320970043, "std_f1_micro_test": NaN, "mean_f1_macro_train": 0.9993690721369081, "median_f1_macro_train": 0.9993690721369081, "std_f1_macro_train": NaN, "mean_f1_macro_test": 0.9858783605923748, "median_f1_macro_test": 0.9858783605923748, "std_f1_macro_test": NaN, "mean_precision_train": 0.9997849231100119, "median_precision_train": 0.9997849231100119, "std_precision_train": NaN, "mean_precision_test": 0.9997849231100119, "median_precision_test": 0.9997849231100119, "std_precision_test": NaN, "mean_recall_train": 0.9997849231100119, "median_recall_train": 0.9997849231100119, "std_recall_train": NaN, "mean_recall_test": 0.9997849231100119, "median_recall_test": 0.9997849231100119, "std_recall_test": NaN, "mean_balanced_accuracy_train": 0.9989305358382964, "median_balanced_accuracy_train": 0.9989305358382964, "std_balanced_accuracy_train": NaN, "mean_balanced_accuracy_test": 0.9989305358382964, "median_balanced_accuracy_test": 0.9989305358382964, "std_balanced_accuracy_test": NaN, "mean_training_set_size": 18598.0, "mean_test_set_size": 1402.0, "mean_training_time": -6.795737007999946}
