{"mean_accuracy_test": 0.9524914524914525, "median_accuracy_test": 0.9524914524914525, "std_accuracy_test": 0.012088002512386503, "mean_accuracy_train": 0.9914984914984915, "median_accuracy_train": 0.9914984914984915, "std_accuracy_train": 0.002133343292183114, "mean_f1_micro_train": 0.9914984914984915, "median_f1_micro_train": 0.9914984914984915, "std_f1_micro_train": 0.002133343292183114, "mean_f1_micro_test": 0.9524914524914525, "median_f1_micro_test": 0.9524914524914525, "std_f1_micro_test": 0.012088002512386503, "mean_f1_macro_train": 0.9837847930895134, "median_f1_macro_train": 0.9837847930895134, "std_f1_macro_train": 0.013531048454218954, "mean_f1_macro_test": 0.8625573603120362, "median_f1_macro_test": 0.8625573603120362, "std_f1_macro_test": 0.014627335543537234, "mean_precision_train": 0.9914984914984915, "median_precision_train": 0.9914984914984915, "std_precision_train": 0.002133343292183114, "mean_precision_test": 0.9914984914984915, "median_precision_test": 0.9914984914984915, "std_precision_test": 0.002133343292183114, "mean_recall_train": 0.9914984914984915, "median_recall_train": 0.9914984914984915, "std_recall_train": 0.002133343292183114, "mean_recall_test": 0.9914984914984915, "median_recall_test": 0.9914984914984915, "std_recall_test": 0.002133343292183114, "mean_balanced_accuracy_train": 0.978898252475336, "median_balanced_accuracy_train": 0.978898252475336, "std_balanced_accuracy_train": 0.016050309281017822, "mean_balanced_accuracy_test": 0.978898252475336, "median_balanced_accuracy_test": 0.978898252475336, "std_balanced_accuracy_test": 0.016050309281017822, "mean_training_set_size": 1000.0, "mean_test_set_size": 1000.0, "mean_training_time": NaN}
