{"mean_accuracy_test": 0.9935760171306209, "median_accuracy_test": 0.9935760171306209, "std_accuracy_test": NaN, "mean_accuracy_train": 0.9995348296313524, "median_accuracy_train": 0.9995348296313524, "std_accuracy_train": NaN, "mean_f1_micro_train": 0.9995348296313524, "median_f1_micro_train": 0.9995348296313524, "std_f1_micro_train": NaN, "mean_f1_micro_test": 0.9935760171306209, "median_f1_micro_test": 0.9935760171306209, "std_f1_micro_test": NaN, "mean_f1_macro_train": 0.9984896770880471, "median_f1_macro_train": 0.9984896770880471, "std_f1_macro_train": NaN, "mean_f1_macro_test": 0.9767191639583629, "median_f1_macro_test": 0.9767191639583629, "std_f1_macro_test": NaN, "mean_precision_train": 0.9995348296313524, "median_precision_train": 0.9995348296313524, "std_precision_train": NaN, "mean_precision_test": 0.9995348296313524, "median_precision_test": 0.9995348296313524, "std_precision_test": NaN, "mean_recall_train": 0.9995348296313524, "median_recall_train": 0.9995348296313524, "std_recall_train": NaN, "mean_recall_test": 0.9995348296313524, "median_recall_test": 0.9995348296313524, "std_recall_test": NaN, "mean_balanced_accuracy_train": 0.9989456723340782, "median_balanced_accuracy_train": 0.9989456723340782, "std_balanced_accuracy_train": NaN, "mean_balanced_accuracy_test": 0.9989456723340782, "median_balanced_accuracy_test": 0.9989456723340782, "std_balanced_accuracy_test": NaN, "mean_training_set_size": 17198.0, "mean_test_set_size": 2802.0, "mean_training_time": -13.040707312999984}