{"mean_accuracy_test": 0.9705630972800785, "median_accuracy_test": 0.9705630972800785, "std_accuracy_test": 0.00039227879260142555, "mean_accuracy_train": 0.9935394553155242, "median_accuracy_train": 0.9935394553155242, "std_accuracy_train": 1.405412999962402e-06, "mean_f1_micro_train": 0.9935394553155242, "median_f1_micro_train": 0.9935394553155242, "std_f1_micro_train": 1.405412999962402e-06, "mean_f1_micro_test": 0.9705630972800785, "median_f1_micro_test": 0.9705630972800785, "std_f1_micro_test": 0.00039227879260142555, "mean_f1_macro_train": 0.9899932484936991, "median_f1_macro_train": 0.9899932484936991, "std_f1_macro_train": 0.003223832810510365, "mean_f1_macro_test": 0.8993776368649697, "median_f1_macro_test": 0.8993776368649697, "std_f1_macro_test": 0.030285654770549512, "mean_precision_train": 0.9935394553155242, "median_precision_train": 0.9935394553155242, "std_precision_train": 1.405412999962402e-06, "mean_precision_test": 0.9935394553155242, "median_precision_test": 0.9935394553155242, "std_precision_test": 1.405412999962402e-06, "mean_recall_train": 0.9935394553155242, "median_recall_train": 0.9935394553155242, "std_recall_train": 1.405412999962402e-06, "mean_recall_test": 0.9935394553155242, "median_recall_test": 0.9935394553155242, "std_recall_test": 1.405412999962402e-06, "mean_balanced_accuracy_train": 0.9873603726341338, "median_balanced_accuracy_train": 0.9873603726341338, "std_balanced_accuracy_train": 0.006789454371161175, "mean_balanced_accuracy_test": 0.9873603726341338, "median_balanced_accuracy_test": 0.9873603726341338, "std_balanced_accuracy_test": 0.006789454371161175, "mean_training_set_size": 3250.5, "mean_test_set_size": 1749.5, "mean_training_time": NaN}
