{"mean_accuracy_test": 0.9859988978017268, "median_accuracy_test": 0.9859988978017268, "std_accuracy_test": 0.0020218638328508383, "mean_accuracy_train": 0.996846286972008, "median_accuracy_train": 0.996846286972008, "std_accuracy_train": 0.0004349543661878322, "mean_f1_micro_train": 0.996846286972008, "median_f1_micro_train": 0.996846286972008, "std_f1_micro_train": 0.0004349543661878322, "mean_f1_micro_test": 0.9859988978017268, "median_f1_micro_test": 0.9859988978017268, "std_f1_micro_test": 0.0020218638328508383, "mean_f1_macro_train": 0.993072933132623, "median_f1_macro_train": 0.993072933132623, "std_f1_macro_train": 0.001858104390357199, "mean_f1_macro_test": 0.9602535227265989, "median_f1_macro_test": 0.9602535227265989, "std_f1_macro_test": 0.016287768769896523, "mean_precision_train": 0.996846286972008, "median_precision_train": 0.996846286972008, "std_precision_train": 0.0004349543661878322, "mean_precision_test": 0.996846286972008, "median_precision_test": 0.996846286972008, "std_precision_test": 0.0004349543661878322, "mean_recall_train": 0.996846286972008, "median_recall_train": 0.996846286972008, "std_recall_train": 0.0004349543661878322, "mean_recall_test": 0.996846286972008, "median_recall_test": 0.996846286972008, "std_recall_test": 0.0004349543661878322, "mean_balanced_accuracy_train": 0.9909176312388956, "median_balanced_accuracy_train": 0.9909176312388956, "std_balanced_accuracy_train": 0.0013657589442675072, "mean_balanced_accuracy_test": 0.9909176312388956, "median_balanced_accuracy_test": 0.9909176312388956, "std_balanced_accuracy_test": 0.0013657589442675072, "mean_training_set_size": 13000.5, "mean_test_set_size": 6999.5, "mean_training_time": NaN}
