{"mean_accuracy_test": 0.5523106436137486, "median_accuracy_test": 0.6279098318455798, "std_accuracy_test": 0.17688074497552828, "mean_accuracy_train": 0.5479437363570885, "median_accuracy_train": 0.6270080206625572, "std_accuracy_train": 0.17839114485430774, "mean_f1_micro_train": 0.5479437363570885, "median_f1_micro_train": 0.6270080206625572, "std_f1_micro_train": 0.17839114485430774, "mean_f1_micro_test": 0.5523106436137486, "median_f1_micro_test": 0.6279098318455798, "std_f1_micro_test": 0.17688074497552828, "mean_f1_macro_train": 0.23575451866352704, "median_f1_macro_train": 0.24883859646942233, "std_f1_macro_train": 0.05736468786092321, "mean_f1_macro_test": 0.23396549885682133, "median_f1_macro_test": 0.23660348104600598, "std_f1_macro_test": 0.05961218826496654, "mean_precision_train": 0.5479437363570885, "median_precision_train": 0.6270080206625572, "std_precision_train": 0.17839114485430774, "mean_precision_test": 0.5479437363570885, "median_precision_test": 0.6270080206625572, "std_precision_test": 0.17839114485430774, "mean_recall_train": 0.5479437363570885, "median_recall_train": 0.6270080206625572, "std_recall_train": 0.17839114485430774, "mean_recall_test": 0.5479437363570885, "median_recall_test": 0.6270080206625572, "std_recall_test": 0.17839114485430774, "mean_balanced_accuracy_train": 0.27249900473927974, "median_balanced_accuracy_train": 0.25702207888727135, "std_balanced_accuracy_train": 0.05962909322838472, "mean_balanced_accuracy_test": 0.27249900473927974, "median_balanced_accuracy_test": 0.25702207888727135, "std_balanced_accuracy_test": 0.05962909322838472, "mean_training_set_size": 4500.0, "mean_test_set_size": 500.0, "mean_training_time": NaN}
