{"mean_accuracy_test": 0.4501574501574501, "median_accuracy_test": 0.4501574501574501, "std_accuracy_test": 0.22266814806379182, "mean_accuracy_train": 0.4583359583359583, "median_accuracy_train": 0.4583359583359583, "std_accuracy_train": 0.23198994608197218, "mean_f1_micro_train": 0.4583359583359583, "median_f1_micro_train": 0.4583359583359583, "std_f1_micro_train": 0.23198994608197218, "mean_f1_micro_test": 0.4501574501574501, "median_f1_micro_test": 0.4501574501574501, "std_f1_micro_test": 0.22266814806379182, "mean_f1_macro_train": 0.24821470215637795, "median_f1_macro_train": 0.24821470215637795, "std_f1_macro_train": 0.08864649447416963, "mean_f1_macro_test": 0.24155302737242396, "median_f1_macro_test": 0.24155302737242396, "std_f1_macro_test": 0.08083948572794267, "mean_precision_train": 0.4583359583359583, "median_precision_train": 0.4583359583359583, "std_precision_train": 0.23198994608197218, "mean_precision_test": 0.4583359583359583, "median_precision_test": 0.4583359583359583, "std_precision_test": 0.23198994608197218, "mean_recall_train": 0.4583359583359583, "median_recall_train": 0.4583359583359583, "std_recall_train": 0.23198994608197218, "mean_recall_test": 0.4583359583359583, "median_recall_test": 0.4583359583359583, "std_recall_test": 0.23198994608197218, "mean_balanced_accuracy_train": 0.32472291905701267, "median_balanced_accuracy_train": 0.32472291905701267, "std_balanced_accuracy_train": 0.019169979422366697, "mean_balanced_accuracy_test": 0.32472291905701267, "median_balanced_accuracy_test": 0.32472291905701267, "std_balanced_accuracy_test": 0.019169979422366697, "mean_training_set_size": 1000.0, "mean_test_set_size": 1000.0, "mean_training_time": NaN}
